{
  "_fv": 5,
  "_type": "block",
  "definition": {
    "texture": "lightmetalore",
    "textureTop": "lightmetalore",
    "textureLeft": "lightmetalore",
    "textureFront": "lightmetalore",
    "textureRight": "lightmetalore",
    "textureBack": "lightmetalore",
    "renderType": 10,
    "customModelName": "Normal",
    "rotationMode": 0,
    "hasTransparency": false,
    "transparencyType": "SOLID",
    "mx": 0.0,
    "my": 0.0,
    "mz": 0.0,
    "Mx": 1.0,
    "My": 1.0,
    "Mz": 1.0,
    "faceShape": "SOLID",
    "name": "Lightmetalore",
    "specialInfo": [],
    "hardness": 3.0,
    "resistance": 10.0,
    "hasGravity": false,
    "creativeTab": {
      "value": "CUSTOM:MeatalWorks"
    },
    "destroyTool": "pickaxe",
    "affectedBySilkTouch": false,
    "customDrop": {
      "value": "CUSTOM:FlakeyLightMeatal"
    },
    "dropAmount": 3,
    "isBeaconBase": false,
    "enchantPowerBonus": 0.0,
    "plantsGrowOn": false,
    "canProvidePower": false,
    "lightOpacity": 0,
    "material": {
      "value": "ROCK"
    },
    "tickRate": 10,
    "isReplaceable": false,
    "isFlammable": false,
    "colorOnMap": "DEFAULT",
    "creativePickItem": {
      "value": ""
    },
    "isNotColidable": false,
    "soundOnStep": {
      "value": "GROUND"
    },
    "luminance": 0.0,
    "unbreakable": false,
    "breakHarvestLevel": 1,
    "spawnParticles": false,
    "particleToSpawn": {
      "value": "EXPLOSION_NORMAL"
    },
    "particleSpawningShape": "Spread",
    "particleSpawningRadious": 1.5,
    "particleAmount": 4,
    "particleSpawningCondition": "ALWAYS",
    "hasInventory": false,
    "inventorySize": 9,
    "inventoryStackSize": 64,
    "inventoryDropWhenDestroyed": true,
    "inventoryComparatorPower": true,
    "inventoryOutSlotIDs": [],
    "spawnWorldTypes": [],
    "restrictionBiomes": [],
    "blocksToReplace": [
      {
        "value": "Blocks.STONE"
      }
    ],
    "frequencyPerChunks": 10,
    "frequencyOnChunk": 5,
    "minGenerateHeight": 44,
    "maxGenerateHeight": 64
  }
}